2025-03-17 14:00:49.738,Timestamp,Event,GameIndex,GameId,Status
2025-03-17 14:00:58.082,Timestamp,Event,GameIndex,GameId,Status
2025-03-17 14:01:03.149,Timestamp,Event,GameIndex,GameId,Status
2025-03-17 14:03:45.249,Timestamp,Event,GameIndex,GameId,Status
2025-03-17 14:03:51.387,Timestamp,Event,GameIndex,GameId,Status
2025-03-17 14:03:54.769,Timestamp,Event,GameIndex,GameId,Status
2025-03-17 14:03:58.257,Timestamp,Event,GameIndex,GameId,Status
2025-03-17 14:09:50.959,Timestamp,Event,GameIndex,GameId,Status
2025-03-17 14:10:24.955,Timestamp,Event,GameIndex,GameId,Status
2025-03-17 14:12:45.386,Timestamp,Event,GameIndex,GameId,Status
2025-03-17 14:20:14.450,Timestamp,Event,GameIndex,GameId,Status
2025-03-17 14:21:51.142,Timestamp,Event,GameIndex,GameId,Status
2025-03-17 14:29:47.934,Timestamp,Event,GameIndex,GameId,Status
2025-03-17 14:37:02.768,Timestamp,Event,GameIndex,GameId,Status
2025-03-17 14:38:15.121,Timestamp,Event,GameIndex,GameId,Status
